{
  "config": {
    "run_name": "exp1_2_L8_K64",
    "out_dir": "./results",
    "seed": 904482944,
    "device": null,
    "bs_train": 50,
    "bs_test": 12,
    "batches": 10,
    "epochs": 10,
    "early_stopping": 3,
    "checkpoints": null,
    "lr": 0.001,
    "reg": 0.001,
    "filters_per_layer": [
      64
    ],
    "pool_every": 4,
    "hidden_dims": [
      100
    ],
    "model_type": "cnn",
    "kw": {},
    "layers_per_block": 8
  },
  "results": {
    "num_epochs": 4,
    "train_loss": [
      2.320702792072296,
      2.4646779192209243,
      2.3429521326541902,
      2.3986753012657167,
      2.3663830728530884
    ],
    "train_acc": [
      9.71,
      9.726,
      9.678,
      9.546,
      9.876
    ],
    "test_loss": [
      2.303165519237518,
      2.293763731956482,
      2.302820602893829,
      2.302744118690491,
      2.302893185853958
    ],
    "test_acc": [
      10.0,
      15.3,
      10.0,
      10.0,
      10.0
    ]
  }
}