{
  "config": {
    "run_name": "exp1_4_L4_K64-128-256",
    "out_dir": "./results",
    "seed": 345052893,
    "device": null,
    "bs_train": 50,
    "bs_test": 12,
    "batches": 10,
    "epochs": 10,
    "early_stopping": 5,
    "checkpoints": null,
    "lr": 0.001,
    "reg": 0.001,
    "filters_per_layer": [
      64,
      128,
      256
    ],
    "pool_every": 8,
    "hidden_dims": [
      100
    ],
    "model_type": "resnet",
    "kw": {},
    "layers_per_block": 4
  },
  "results": {
    "num_epochs": 9,
    "train_loss": [
      33507.159746767786,
      19.7614063675046,
      101.36385777899027,
      395.45907961261867,
      661.5958569595695,
      790.3657881663293,
      577.1942138558388,
      82.09084567681849,
      1.1368406462401153,
      49.366693389341236
    ],
    "train_acc": [
      21.922,
      41.236,
      48.572,
      54.184,
      57.082,
      60.086,
      61.858,
      61.24,
      63.834,
      64.544
    ],
    "test_loss": [
      2.1248844344615936,
      1.4136416823863984,
      1.4100562086105346,
      1.1896103818416595,
      1.139099006086588,
      1.2090985663533211,
      1.0562056828439235,
      1.0385118113160134,
      1.047081831023097,
      1.0274921939820052
    ],
    "test_acc": [
      21.43,
      49.71,
      49.82,
      57.65,
      59.45,
      56.97,
      62.36,
      63.06,
      63.29,
      63.38
    ]
  }
}