{
  "config": {
    "run_name": "exp1_4_L4_K64-128-256-dropout-batchnorm",
    "out_dir": "./results",
    "seed": 1269092440,
    "device": null,
    "bs_train": 50,
    "bs_test": 12,
    "batches": 10,
    "epochs": 100,
    "early_stopping": 5,
    "checkpoints": null,
    "lr": 0.001,
    "reg": 0.001,
    "filters_per_layer": [
      64,
      128,
      256
    ],
    "pool_every": 4,
    "hidden_dims": [
      100
    ],
    "model_type": "resnet",
    "kw": {},
    "layers_per_block": 4
  },
  "results": {
    "num_epochs": 44,
    "train_loss": [
      1.9586837847471237,
      1.7291563099980354,
      1.6341543287873268,
      1.5733441194176674,
      1.534282571709156,
      1.493248524439335,
      1.460568608856201,
      1.4300584327220918,
      1.4043916034579278,
      1.3754779445290566,
      1.3540455723047256,
      1.3390436305880546,
      1.3207238378942012,
      1.3090757552087307,
      1.292082822328806,
      1.2821312734723092,
      1.2687391240477561,
      1.2585660615324974,
      1.2461394668996335,
      1.23530430675745,
      1.2253520654559136,
      1.2142434314250945,
      1.2060765567183493,
      1.2019929396778346,
      1.19056374694705,
      1.182073321813345,
      1.1775801370561123,
      1.1729295619308948,
      1.1689936477541925,
      1.1668653283834458,
      1.1607175679147244,
      1.1536333718061447,
      1.154714113855362,
      1.1485851683855057,
      1.1447994495093823,
      1.139810899043083,
      1.1372047463953494,
      1.1393502175211907,
      1.133503397679329,
      1.1364386728227138,
      1.129116011196375,
      1.126734662950039,
      1.1271031978666783,
      1.1254694939076901,
      1.120222112929821
    ],
    "train_acc": [
      28.366,
      37.622,
      40.908,
      42.888,
      44.226,
      45.9,
      46.966,
      48.228,
      49.228,
      50.328,
      51.296,
      51.846,
      52.432,
      53.032,
      53.696,
      53.928,
      54.546,
      55.204,
      55.654,
      55.854,
      56.402,
      56.834,
      57.136,
      57.326,
      57.438,
      57.948,
      58.074,
      58.344,
      58.504,
      58.444,
      58.742,
      58.75,
      58.984,
      59.15,
      59.186,
      59.498,
      59.566,
      59.498,
      59.644,
      59.588,
      60.038,
      60.06,
      60.118,
      60.19,
      60.28
    ],
    "test_loss": [
      1.946557443857193,
      1.6894102287888526,
      1.5948087050914765,
      1.574790865302086,
      1.5190849346518516,
      1.4616054127216338,
      1.4242623147964477,
      1.3788600821495056,
      1.3829720064401627,
      1.3408653990626336,
      1.310189785182476,
      1.3061711299419403,
      1.3095619556307794,
      1.2837787874341011,
      1.2773207778334617,
      1.2542906872332096,
      1.2396044017076493,
      1.254553781479597,
      1.2349347237050534,
      1.2112045699357987,
      1.22216307541728,
      1.2027606967389584,
      1.1851508761644363,
      1.1706493126153945,
      1.1463981770575047,
      1.1616155003011226,
      1.1406620185375214,
      1.1262847889959813,
      1.1381021365523338,
      1.1222374167144298,
      1.111033015191555,
      1.121815395951271,
      1.1403488356769085,
      1.110936420083046,
      1.115925089210272,
      1.1094641555249691,
      1.1087148509919644,
      1.106173661530018,
      1.1013282704353333,
      1.0879623513519765,
      1.1022352295219897,
      1.0970104023516178,
      1.1115164934694768,
      1.086627856850624,
      1.0811466827839613
    ],
    "test_acc": [
      30.09,
      38.64,
      42.19,
      43.32,
      44.93,
      46.72,
      48.01,
      49.73,
      49.24,
      51.01,
      52.25,
      51.77,
      51.74,
      53.25,
      53.12,
      54.54,
      55.23,
      54.37,
      55.51,
      56.69,
      56.3,
      56.98,
      57.4,
      58.51,
      58.88,
      57.94,
      59.56,
      60.4,
      59.59,
      60.35,
      60.73,
      60.25,
      60.18,
      60.7,
      60.63,
      61.23,
      61.17,
      61.11,
      60.78,
      61.57,
      61.28,
      60.73,
      60.13,
      61.39,
      61.39
    ]
  }
}