{
  "config": {
    "run_name": "exp1_3_L4_K64-128-256",
    "out_dir": "./results",
    "seed": 1821322604,
    "device": null,
    "bs_train": 50,
    "bs_test": 12,
    "batches": 10,
    "epochs": 10,
    "early_stopping": 5,
    "checkpoints": null,
    "lr": 0.001,
    "reg": 0.001,
    "filters_per_layer": [
      64,
      128,
      256
    ],
    "pool_every": 4,
    "hidden_dims": [
      100
    ],
    "model_type": "cnn",
    "kw": {},
    "layers_per_block": 4
  },
  "results": {
    "num_epochs": 6,
    "train_loss": [
      509.2745305909157,
      272.59217699985504,
      5.985324544215202,
      22.923706645584108,
      138.26845316872596,
      38.17944478993416,
      3.853871172428131
    ],
    "train_acc": [
      10.286,
      10.376,
      11.12,
      9.984,
      9.826,
      9.63,
      9.626
    ],
    "test_loss": [
      2.3030672614574432,
      2.250790786981583,
      2.302785659313202,
      2.303063227415085,
      2.303875849723816,
      2.3028642489910127,
      2.303524972438812
    ],
    "test_acc": [
      10.0,
      13.45,
      10.0,
      10.0,
      10.0,
      10.0,
      10.0
    ]
  }
}