{
  "config": {
    "run_name": "exp1_1_L8_K64",
    "out_dir": "./results",
    "seed": 999687230,
    "device": null,
    "bs_train": 50,
    "bs_test": 12,
    "batches": 10,
    "epochs": 10,
    "early_stopping": 5,
    "checkpoints": null,
    "lr": 0.001,
    "reg": 0.001,
    "filters_per_layer": [
      64
    ],
    "pool_every": 4,
    "hidden_dims": [
      100
    ],
    "model_type": "cnn",
    "kw": {},
    "layers_per_block": 8
  },
  "results": {
    "num_epochs": 9,
    "train_loss": [
      2.242062831068039,
      1.7305006194889545,
      1.4258386756181718,
      1.2677052762806416,
      1.1315924832731485,
      1.0393687084555625,
      0.978961323608458,
      0.9358493319690228,
      0.9030973457068205,
      0.8800695376366376
    ],
    "train_acc": [
      15.652,
      36.96,
      48.256,
      54.412,
      59.67,
      63.098,
      65.41,
      67.166,
      68.278,
      69.272
    ],
    "test_loss": [
      1.927893708229065,
      1.5324016039967536,
      1.303312593460083,
      1.1556267335712909,
      1.0682401836514472,
      1.0388243494182825,
      1.0160066669881345,
      1.0342328740209341,
      0.9849020881354809,
      1.06854767267406
    ],
    "test_acc": [
      30.15,
      44.02,
      52.15,
      58.46,
      61.63,
      63.43,
      64.48,
      63.72,
      66.1,
      63.77
    ]
  }
}