{
  "config": {
    "run_name": "exp1_4_L8_K64-128-256",
    "out_dir": "./results",
    "seed": 199968389,
    "device": null,
    "bs_train": 50,
    "bs_test": 12,
    "batches": 10,
    "epochs": 10,
    "early_stopping": 5,
    "checkpoints": null,
    "lr": 0.001,
    "reg": 0.001,
    "filters_per_layer": [
      64,
      128,
      256
    ],
    "pool_every": 8,
    "hidden_dims": [
      100
    ],
    "model_type": "resnet",
    "kw": {},
    "layers_per_block": 8
  },
  "results": {
    "num_epochs": 9,
    "train_loss": [
      110473288947.00044,
      655793143.59925,
      661435935.6665974,
      18480631.76773702,
      143655610.32433268,
      5411687523.7313175,
      8765030115.085896,
      288374330085.70557,
      209305155193.99524,
      3943725610770.2866
    ],
    "train_acc": [
      10.694,
      11.286,
      11.442,
      12.174,
      10.548,
      10.634,
      10.636,
      11.082,
      10.646,
      10.514
    ],
    "test_loss": [
      567.9364338073731,
      66467.22827734375,
      21181.42004736328,
      356.1722632293701,
      383.7004789810181,
      1288.7831338500976,
      2751382.59990625,
      25053030.725,
      114455.03274609376,
      973.2072428131104
    ],
    "test_acc": [
      10.01,
      10.0,
      9.31,
      10.36,
      10.03,
      9.8,
      11.88,
      9.18,
      10.07,
      11.85
    ]
  }
}