{
  "config": {
    "run_name": "exp1_3_L1_K64-128-256",
    "out_dir": "./results",
    "seed": 794148274,
    "device": null,
    "bs_train": 50,
    "bs_test": 12,
    "batches": 10,
    "epochs": 10,
    "early_stopping": 5,
    "checkpoints": null,
    "lr": 0.001,
    "reg": 0.001,
    "filters_per_layer": [
      64,
      128,
      256
    ],
    "pool_every": 4,
    "hidden_dims": [
      100
    ],
    "model_type": "cnn",
    "kw": {},
    "layers_per_block": 1
  },
  "results": {
    "num_epochs": 9,
    "train_loss": [
      1.5776011995196342,
      1.289238699889183,
      1.1633456160008908,
      1.0714489633589983,
      1.0148273088276387,
      0.9681194901615381,
      0.9306484043210745,
      0.896704464070499,
      0.8631849092036485,
      0.8307628296464682
    ],
    "train_acc": [
      42.362,
      53.732,
      58.502,
      61.994,
      64.216,
      66.062,
      67.344,
      68.422,
      69.662,
      70.942
    ],
    "test_loss": [
      1.3608617250025272,
      1.274069188863039,
      1.1532027493417263,
      1.0894021770358087,
      1.0365606023669243,
      1.0345660866498947,
      0.9974216010421515,
      1.004357354387641,
      1.0260225813984871,
      1.0319927907213569
    ],
    "test_acc": [
      49.44,
      53.28,
      58.56,
      60.72,
      62.63,
      63.54,
      64.43,
      64.77,
      64.06,
      64.09
    ]
  }
}