{
  "config": {
    "run_name": "exp1_4_L8_K64-128-256-new",
    "out_dir": "./results",
    "seed": 1199716772,
    "device": null,
    "bs_train": 50,
    "bs_test": 12,
    "batches": 10,
    "epochs": 100,
    "early_stopping": 5,
    "checkpoints": null,
    "lr": 0.001,
    "reg": 0.001,
    "filters_per_layer": [
      64,
      128,
      256
    ],
    "pool_every": 12,
    "hidden_dims": [
      256,
      128
    ],
    "model_type": "resnet",
    "kw": {},
    "layers_per_block": 16
  },
  "results": {
    "num_epochs": 33,
    "train_loss": [
      1.9678234149217606,
      1.7351007251501083,
      1.6312031464099883,
      1.5462590487718582,
      1.48326338057518,
      1.4356331714510917,
      1.398939476919174,
      1.370464982521534,
      1.3465243934750557,
      1.3247893981337546,
      1.3064632278978825,
      1.290805918675661,
      1.276559478777647,
      1.2640671326696873,
      1.2536802154660225,
      1.2447679244577885,
      1.2368808145940304,
      1.229561765050888,
      1.224143225646019,
      1.2177741407692433,
      1.2125169587433338,
      1.2072926112651825,
      1.2023401228964328,
      1.1977239771425725,
      1.1940453155159951,
      1.1907090579211712,
      1.1874388727903367,
      1.1838777622282506,
      1.1804331833899022,
      1.1769606900155545,
      1.1735890696585178,
      1.1716915050089358,
      1.1684765368044376,
      1.1659090598106385
    ],
    "train_acc": [
      25.908,
      34.968,
      39.096,
      42.744,
      45.528,
      47.554,
      49.038,
      50.104,
      51.108,
      51.924,
      52.738,
      53.176,
      53.786,
      54.322,
      54.588,
      55.084,
      55.326,
      55.612,
      55.68,
      55.992,
      56.124,
      56.326,
      56.598,
      56.832,
      56.938,
      56.974,
      57.078,
      57.204,
      57.28,
      57.566,
      57.606,
      57.722,
      57.772,
      57.9
    ],
    "test_loss": [
      1.8044326688051224,
      1.6671926457285882,
      1.5853542302250863,
      1.5109840357899667,
      1.4653259441256523,
      1.4243228905797005,
      1.3933543622493745,
      1.373505493581295,
      1.3515180172920227,
      1.336916827082634,
      1.320767949938774,
      1.3133435175418853,
      1.3069694729447365,
      1.2922296508550644,
      1.2788182600140572,
      1.2747932837605476,
      1.2725806938409805,
      1.2744745935797692,
      1.264301492393017,
      1.2539455727934838,
      1.255294094800949,
      1.2418601137399674,
      1.2531168712973595,
      1.2395520512461662,
      1.2467456076145171,
      1.234051172852516,
      1.231591210603714,
      1.2304099909365178,
      1.2291478777825833,
      1.2296664098799228,
      1.2381553639769554,
      1.2493578443825244,
      1.243778029382229,
      1.2456627989709377
    ],
    "test_acc": [
      32.62,
      38.4,
      41.82,
      44.75,
      46.49,
      47.93,
      49.01,
      49.78,
      50.7,
      51.35,
      52.11,
      52.72,
      52.68,
      53.12,
      53.68,
      53.75,
      53.93,
      53.89,
      54.21,
      54.34,
      54.36,
      55.08,
      54.9,
      55.26,
      55.07,
      55.54,
      55.46,
      55.54,
      55.73,
      55.57,
      55.44,
      55.05,
      55.22,
      55.04
    ]
  }
}