{
  "config": {
    "run_name": "exp1_2_L4_K256",
    "out_dir": "./results",
    "seed": 995026138,
    "device": null,
    "bs_train": 50,
    "bs_test": 12,
    "batches": 10,
    "epochs": 10,
    "early_stopping": 3,
    "checkpoints": null,
    "lr": 0.001,
    "reg": 0.001,
    "filters_per_layer": [
      256
    ],
    "pool_every": 4,
    "hidden_dims": [
      100
    ],
    "model_type": "cnn",
    "kw": {},
    "layers_per_block": 4
  },
  "results": {
    "num_epochs": 9,
    "train_loss": [
      10.989356854867935,
      2.075089929640293,
      4.234951194483042,
      4.397450888377428,
      5.047030833125114,
      3.66344139918983,
      6.283586386457086,
      3.2593890166938304,
      6.306210655164719,
      2.8437256611049175
    ],
    "train_acc": [
      37.632,
      50.518,
      54.744,
      55.764,
      55.896,
      54.034,
      48.76,
      57.356,
      59.99,
      59.908
    ],
    "test_loss": [
      1.5027292749881744,
      1.9243312005400657,
      1.2902201218903064,
      1.3401423166096211,
      1.2722048281431197,
      1.9482403069734573,
      3.4426353452801703,
      1.2279063423275947,
      1.105848574578762,
      1.134268275052309
    ],
    "test_acc": [
      45.65,
      31.34,
      53.83,
      51.98,
      55.16,
      26.67,
      31.6,
      55.83,
      61.02,
      60.26
    ]
  }
}