{
  "config": {
    "run_name": "exp1_2_L4_K32",
    "out_dir": "./results",
    "seed": 75190707,
    "device": null,
    "bs_train": 50,
    "bs_test": 12,
    "batches": 10,
    "epochs": 10,
    "early_stopping": 3,
    "checkpoints": null,
    "lr": 0.001,
    "reg": 0.001,
    "filters_per_layer": [
      32
    ],
    "pool_every": 4,
    "hidden_dims": [
      100
    ],
    "model_type": "cnn",
    "kw": {},
    "layers_per_block": 4
  },
  "results": {
    "num_epochs": 9,
    "train_loss": [
      1.5646038526415824,
      1.2132523381233216,
      1.0841790460169316,
      0.9850784066587687,
      0.9167409119546414,
      0.8678181301787495,
      0.827662113596499,
      0.7970220078483224,
      0.7700859748482705,
      0.7453942769132554
    ],
    "train_acc": [
      43.72,
      56.566,
      61.246,
      64.972,
      67.396,
      69.202,
      70.798,
      72.0,
      72.974,
      73.694
    ],
    "test_loss": [
      1.2817575697302819,
      1.1360445398390293,
      1.0495164556503296,
      1.0108601197600364,
      0.9347029995322228,
      0.9844645080268383,
      0.9288114502876997,
      0.911014626570046,
      0.92411067456007,
      0.9104070209041237
    ],
    "test_acc": [
      53.99,
      59.47,
      62.24,
      64.34,
      67.38,
      65.84,
      67.36,
      68.48,
      68.08,
      69.22
    ]
  }
}