{
  "config": {
    "run_name": "exp1_3_L1_K64-128-256",
    "out_dir": "./results",
    "seed": 704715399,
    "device": null,
    "bs_train": 50,
    "bs_test": 12,
    "batches": 10,
    "epochs": 10,
    "early_stopping": 5,
    "checkpoints": null,
    "lr": 0.001,
    "reg": 0.001,
    "filters_per_layer": [
      64,
      128,
      256
    ],
    "pool_every": 4,
    "hidden_dims": [
      100
    ],
    "model_type": "cnn",
    "kw": {},
    "layers_per_block": 1
  },
  "results": {
    "num_epochs": 9,
    "train_loss": [
      2.5679788214087487,
      1.2362487901687622,
      1.1645017355173826,
      1.0971336584568023,
      1.0505740055561066,
      0.9960817657500506,
      0.9808464442342519,
      0.9546497284948826,
      0.9317187878549099,
      0.9063191120296716
    ],
    "train_acc": [
      40.316,
      55.71,
      60.044,
      62.236,
      63.542,
      64.884,
      65.936,
      66.638,
      67.526,
      68.128
    ],
    "test_loss": [
      1.564808530151844,
      1.1155408276617527,
      1.096124696969986,
      1.1302376060187818,
      1.1141867286562919,
      1.686975256383419,
      1.1514067135751247,
      1.0243758926540614,
      1.0013628603368998,
      1.421821053236723
    ],
    "test_acc": [
      43.7,
      59.59,
      60.87,
      60.49,
      60.91,
      42.96,
      60.73,
      64.45,
      65.49,
      50.58
    ]
  }
}