{
  "config": {
    "run_name": "exp1_1_L16_K32",
    "out_dir": "./results",
    "seed": 403323403,
    "device": null,
    "bs_train": 50,
    "bs_test": 12,
    "batches": 10,
    "epochs": 10,
    "early_stopping": 5,
    "checkpoints": null,
    "lr": 0.001,
    "reg": 0.001,
    "filters_per_layer": [
      32
    ],
    "pool_every": 4,
    "hidden_dims": [
      100
    ],
    "model_type": "cnn",
    "kw": {},
    "layers_per_block": 16
  },
  "results": {
    "num_epochs": 5,
    "train_loss": [
      2.303283305978775,
      2.303087245988846,
      2.303092963981628,
      2.30307195148468,
      2.303059623289108,
      2.30304831032753
    ],
    "train_acc": [
      9.742,
      9.564,
      9.58,
      9.652,
      9.626,
      9.764
    ],
    "test_loss": [
      2.3028346862792968,
      2.30295494389534,
      2.3029027528762818,
      2.302844681739807,
      2.3029006934165954,
      2.3028764951229097
    ],
    "test_acc": [
      10.0,
      10.0,
      10.0,
      10.0,
      10.0,
      10.0
    ]
  }
}