{
  "config": {
    "run_name": "exp1_4_L16_K32",
    "out_dir": "./results",
    "seed": 110892134,
    "device": null,
    "bs_train": 50,
    "bs_test": 12,
    "batches": 10,
    "epochs": 10,
    "early_stopping": 5,
    "checkpoints": null,
    "lr": 0.001,
    "reg": 0.001,
    "filters_per_layer": [
      32
    ],
    "pool_every": 8,
    "hidden_dims": [
      100
    ],
    "model_type": "resnet",
    "kw": {},
    "layers_per_block": 16
  },
  "results": {
    "num_epochs": 9,
    "train_loss": [
      1.735517472910881,
      1.5509422294259072,
      1.5191951211690902,
      1.451414157652855,
      1.465105587863922,
      1.4174943793416024,
      1.4865458905220033,
      1.3733827173769475,
      1.3633588427960872,
      1.3599251598477364
    ],
    "train_acc": [
      38.518,
      44.878,
      47.102,
      48.594,
      49.61,
      50.334,
      51.058,
      51.36,
      51.628,
      52.08
    ],
    "test_loss": [
      1.5653921223282814,
      1.4700129558444024,
      1.4378414492011071,
      1.409244756102562,
      1.3860246431231498,
      1.3732944166064263,
      1.3612898312211037,
      1.3536650172472,
      1.3497729585766793,
      1.33500811368227
    ],
    "test_acc": [
      44.5,
      48.18,
      48.97,
      49.79,
      50.79,
      51.05,
      51.69,
      52.06,
      52.08,
      52.53
    ]
  }
}