{
  "config": {
    "run_name": "exp1_4_L8_K64-128-256",
    "out_dir": "./results",
    "seed": 1798479100,
    "device": null,
    "bs_train": 50,
    "bs_test": 12,
    "batches": 10,
    "epochs": 10,
    "early_stopping": 5,
    "checkpoints": null,
    "lr": 0.001,
    "reg": 0.001,
    "filters_per_layer": [
      64,
      128,
      256
    ],
    "pool_every": 6,
    "hidden_dims": [
      100
    ],
    "model_type": "resnet",
    "kw": {},
    "layers_per_block": 8
  },
  "results": {
    "num_epochs": 9,
    "train_loss": [
      1.8614783984422685,
      1.6168464601039887,
      1.5061393076062202,
      1.4389270864129067,
      1.393987315607071,
      1.3586705980300904,
      1.3323173082232476,
      1.3106247425556183,
      1.2933533539414406,
      1.278696587818861
    ],
    "train_acc": [
      30.266,
      40.244,
      44.98,
      47.7,
      49.304,
      50.608,
      51.578,
      52.62,
      53.276,
      53.992
    ],
    "test_loss": [
      1.6644767463803292,
      1.5326697056293488,
      1.4628120124936104,
      1.4143308637738228,
      1.378367474079132,
      1.3481062231659888,
      1.3157698276042937,
      1.3041679785251616,
      1.286584568411112,
      1.2860128560364246
    ],
    "test_acc": [
      38.64,
      43.86,
      46.44,
      48.85,
      50.16,
      51.25,
      52.7,
      52.95,
      53.76,
      53.78
    ]
  }
}