{
  "config": {
    "run_name": "exp1_4_L16_K32",
    "out_dir": "./results",
    "seed": 1600627926,
    "device": null,
    "bs_train": 50,
    "bs_test": 12,
    "batches": 10,
    "epochs": 10,
    "early_stopping": 5,
    "checkpoints": null,
    "lr": 0.001,
    "reg": 0.001,
    "filters_per_layer": [
      32
    ],
    "pool_every": 8,
    "hidden_dims": [
      100
    ],
    "model_type": "resnet",
    "kw": {},
    "layers_per_block": 16
  },
  "results": {
    "num_epochs": 9,
    "train_loss": [
      1.66329282091856,
      1.4782114609241486,
      1.4212393060445785,
      1.3801051884293556,
      1.3532073565125466,
      1.3323083555698394,
      1.3173123279631138,
      1.3063502237915994,
      1.2972379159033298,
      1.289132842540741
    ],
    "train_acc": [
      40.108,
      47.056,
      49.174,
      50.764,
      51.99,
      52.678,
      53.14,
      53.672,
      53.974,
      54.302
    ],
    "test_loss": [
      1.5020834383368493,
      1.453961800634861,
      1.4006264095306395,
      1.3759297466874123,
      1.3617032446861268,
      1.3502170848548412,
      1.3390265538990498,
      1.3331939755380153,
      1.3224260304272175,
      1.3157065677046775
    ],
    "test_acc": [
      46.73,
      48.71,
      50.41,
      51.34,
      51.6,
      51.8,
      52.13,
      52.28,
      52.66,
      53.09
    ]
  }
}