{
  "config": {
    "run_name": "exp1_1_L4_K32",
    "out_dir": "./results",
    "seed": 1849673285,
    "device": null,
    "bs_train": 50,
    "bs_test": 12,
    "batches": 10,
    "epochs": 10,
    "early_stopping": 5,
    "checkpoints": null,
    "lr": 0.001,
    "reg": 0.001,
    "filters_per_layer": [
      32
    ],
    "pool_every": 4,
    "hidden_dims": [
      100
    ],
    "model_type": "cnn",
    "kw": {},
    "layers_per_block": 4
  },
  "results": {
    "num_epochs": 9,
    "train_loss": [
      1.612961924958229,
      1.2508820654809476,
      1.103808724695444,
      1.0001867855280637,
      0.9260656485885381,
      0.8699089593350887,
      0.8296690507426858,
      0.7976120016530156,
      0.7709172240883112,
      0.7490929067581892
    ],
    "train_acc": [
      42.076,
      55.124,
      60.62,
      64.45,
      67.046,
      69.25,
      70.942,
      71.992,
      72.902,
      73.698
    ],
    "test_loss": [
      1.3471666781306266,
      1.1563547429740428,
      1.0713311153501273,
      1.0145944610089064,
      1.0075964909940958,
      0.9248081797063351,
      0.9238666789084673,
      0.9066074430048465,
      0.9518843701928854,
      0.9032098629623652
    ],
    "test_acc": [
      50.92,
      58.38,
      61.54,
      63.61,
      64.4,
      66.87,
      67.57,
      68.25,
      67.17,
      68.44
    ]
  }
}