{
  "config": {
    "run_name": "exp1_2_L2_K32",
    "out_dir": "./results",
    "seed": 596807380,
    "device": null,
    "bs_train": 50,
    "bs_test": 12,
    "batches": 10,
    "epochs": 10,
    "early_stopping": 3,
    "checkpoints": null,
    "lr": 0.001,
    "reg": 0.001,
    "filters_per_layer": [
      32
    ],
    "pool_every": 4,
    "hidden_dims": [
      100
    ],
    "model_type": "cnn",
    "kw": {},
    "layers_per_block": 2
  },
  "results": {
    "num_epochs": 9,
    "train_loss": [
      1.481406797271967,
      1.1924161953747272,
      1.1048291927009821,
      1.0485608667701483,
      1.009670486459136,
      0.9775904298007488,
      0.9522585601180792,
      0.9287144053921104,
      0.9061638602688908,
      0.8852967680767179
    ],
    "train_acc": [
      47.338,
      57.874,
      60.896,
      62.826,
      64.406,
      65.554,
      66.506,
      67.502,
      68.342,
      69.154
    ],
    "test_loss": [
      1.2534429440498351,
      1.135470107153058,
      1.130489685446024,
      1.1936599485576154,
      1.1208824752867221,
      1.0997796426862478,
      1.0924941367655991,
      1.14023156991601,
      1.063191133439541,
      1.051680508852005
    ],
    "test_acc": [
      55.79,
      59.89,
      59.93,
      58.41,
      60.59,
      61.17,
      61.9,
      60.46,
      62.88,
      63.27
    ]
  }
}