{
  "config": {
    "run_name": "exp1_4_L8_K32",
    "out_dir": "./results",
    "seed": 1704756030,
    "device": null,
    "bs_train": 50,
    "bs_test": 12,
    "batches": 10,
    "epochs": 10,
    "early_stopping": 5,
    "checkpoints": null,
    "lr": 0.001,
    "reg": 0.001,
    "filters_per_layer": [
      32
    ],
    "pool_every": 8,
    "hidden_dims": [
      100
    ],
    "model_type": "resnet",
    "kw": {},
    "layers_per_block": 8
  },
  "results": {
    "num_epochs": 9,
    "train_loss": [
      1.4874707159638405,
      1.1966099577128888,
      1.094674386203289,
      1.0416514917075634,
      1.0082225750505924,
      0.9849557254999876,
      0.9657723721772432,
      0.9449372039943933,
      0.928438176047802,
      0.916329406490922
    ],
    "train_acc": [
      47.416,
      57.324,
      61.3,
      63.264,
      64.616,
      65.398,
      66.176,
      66.928,
      67.548,
      67.836
    ],
    "test_loss": [
      1.376731910943985,
      1.216034609466791,
      1.1216243223845959,
      1.1316384284496308,
      1.0880319394767284,
      1.1709639678150416,
      1.1145420038104057,
      1.1432983669787646,
      1.0989443351626396,
      1.0839660596251488
    ],
    "test_acc": [
      51.17,
      56.66,
      60.2,
      59.96,
      61.83,
      60.04,
      61.46,
      60.84,
      62.51,
      62.75
    ]
  }
}