{
  "config": {
    "run_name": "exp1_2_L2_K256",
    "out_dir": "./results",
    "seed": 2114941618,
    "device": null,
    "bs_train": 50,
    "bs_test": 12,
    "batches": 10,
    "epochs": 10,
    "early_stopping": 3,
    "checkpoints": null,
    "lr": 0.001,
    "reg": 0.001,
    "filters_per_layer": [
      256
    ],
    "pool_every": 4,
    "hidden_dims": [
      100
    ],
    "model_type": "cnn",
    "kw": {},
    "layers_per_block": 2
  },
  "results": {
    "num_epochs": 9,
    "train_loss": [
      2.0453233606874943,
      1.277553204101324,
      1.1970015204280615,
      1.1781892219871282,
      1.1779282759338616,
      1.1359038820326328,
      1.0962929008573294,
      1.4811360320240259,
      1.1480153682380914,
      1.133537785036862
    ],
    "train_acc": [
      44.896,
      55.65,
      58.762,
      60.326,
      61.246,
      62.136,
      62.806,
      63.018,
      63.378,
      64.068
    ],
    "test_loss": [
      1.353085677444935,
      1.2397000873684882,
      1.1853866057991982,
      1.1658489517569541,
      1.1333738338798285,
      1.1373155475258827,
      1.1594476763308048,
      1.7734798944294452,
      1.131823235630989,
      1.1187893943190574
    ],
    "test_acc": [
      51.44,
      56.12,
      57.24,
      58.38,
      59.72,
      59.91,
      58.63,
      43.63,
      59.93,
      60.62
    ]
  }
}