{
  "config": {
    "run_name": "exp1_4_L8_K32",
    "out_dir": "./results",
    "seed": 1956304476,
    "device": null,
    "bs_train": 50,
    "bs_test": 12,
    "batches": 10,
    "epochs": 10,
    "early_stopping": 5,
    "checkpoints": null,
    "lr": 0.001,
    "reg": 0.001,
    "filters_per_layer": [
      32
    ],
    "pool_every": 8,
    "hidden_dims": [
      100
    ],
    "model_type": "resnet",
    "kw": {},
    "layers_per_block": 8
  },
  "results": {
    "num_epochs": 9,
    "train_loss": [
      1.6640458159327507,
      1.4837197389125825,
      1.4335131628394127,
      1.4017781544208527,
      1.382242243540287,
      1.3670835682094098,
      1.3554152719914914,
      1.3456178855359555,
      1.3382193303406238,
      1.3304348583102226
    ],
    "train_acc": [
      39.992,
      46.56,
      48.71,
      49.942,
      50.598,
      51.256,
      51.736,
      51.986,
      52.23,
      52.53
    ],
    "test_loss": [
      1.5002249329090118,
      1.443739258646965,
      1.3910728271007538,
      1.3781351994872093,
      1.3725106371641158,
      1.3594213390946388,
      1.3537950829267502,
      1.358446303665638,
      1.3483219208717345,
      1.3484713701605797
    ],
    "test_acc": [
      45.95,
      48.06,
      50.47,
      50.44,
      50.76,
      50.87,
      51.26,
      51.32,
      51.32,
      51.54
    ]
  }
}