{
  "config": {
    "run_name": "exp1_2_L8_K256",
    "out_dir": "./results",
    "seed": 1723613369,
    "device": null,
    "bs_train": 50,
    "bs_test": 12,
    "batches": 10,
    "epochs": 10,
    "early_stopping": 3,
    "checkpoints": null,
    "lr": 0.001,
    "reg": 0.001,
    "filters_per_layer": [
      256
    ],
    "pool_every": 4,
    "hidden_dims": [
      100
    ],
    "model_type": "cnn",
    "kw": {},
    "layers_per_block": 8
  },
  "results": {
    "num_epochs": 4,
    "train_loss": [
      3233.9396408913135,
      19790.509096115493,
      20725250.5131751,
      373047.2243692151,
      124584245.58595781
    ],
    "train_acc": [
      14.326,
      14.08,
      13.738,
      13.07,
      13.482
    ],
    "test_loss": [
      2.2911882927417757,
      53.820357797622684,
      367.3080830230713,
      125.40976254653931,
      2316.5323605651856
    ],
    "test_acc": [
      11.94,
      13.36,
      12.48,
      12.13,
      11.4
    ]
  }
}