{
  "config": {
    "run_name": "exp1_2_L8_K32",
    "out_dir": "./results",
    "seed": 374685379,
    "device": null,
    "bs_train": 50,
    "bs_test": 12,
    "batches": 10,
    "epochs": 10,
    "early_stopping": 3,
    "checkpoints": null,
    "lr": 0.001,
    "reg": 0.001,
    "filters_per_layer": [
      32
    ],
    "pool_every": 4,
    "hidden_dims": [
      100
    ],
    "model_type": "cnn",
    "kw": {},
    "layers_per_block": 8
  },
  "results": {
    "num_epochs": 9,
    "train_loss": [
      1.8087996709346772,
      1.4126567343533039,
      1.2201416108131409,
      1.0995223489910364,
      1.008704341199994,
      0.9425664847165346,
      0.8891784047409892,
      0.8505123032376171,
      0.8155677011460066,
      0.7887079873502254
    ],
    "train_acc": [
      33.146,
      48.396,
      56.27,
      60.964,
      64.372,
      66.572,
      68.52,
      70.05,
      71.542,
      72.408
    ],
    "test_loss": [
      1.5702411139607428,
      1.2653946429491043,
      1.1156612028181554,
      1.0342568030655384,
      0.9693231307268143,
      0.9534925027191639,
      0.9255519642233848,
      0.9008255617320537,
      0.9083747244924307,
      0.9046995157748461
    ],
    "test_acc": [
      42.22,
      54.55,
      59.63,
      62.61,
      65.06,
      66.35,
      67.34,
      68.36,
      68.53,
      69.09
    ]
  }
}