{
  "config": {
    "run_name": "exp1_3_L2_K64-128-256",
    "out_dir": "./results",
    "seed": 1014746427,
    "device": null,
    "bs_train": 50,
    "bs_test": 12,
    "batches": 10,
    "epochs": 10,
    "early_stopping": 5,
    "checkpoints": null,
    "lr": 0.001,
    "reg": 0.001,
    "filters_per_layer": [
      64,
      128,
      256
    ],
    "pool_every": 4,
    "hidden_dims": [
      100
    ],
    "model_type": "cnn",
    "kw": {},
    "layers_per_block": 2
  },
  "results": {
    "num_epochs": 9,
    "train_loss": [
      12.886801471328736,
      1.4246618740975856,
      1.5459439721882344,
      1.2783238763988019,
      1.171722229424119,
      25.23373034441769,
      3.3972258606791494,
      1.510732930123806,
      2.519007791876793,
      1.7271113166958094
    ],
    "train_acc": [
      32.142,
      49.264,
      54.894,
      58.32,
      61.178,
      63.452,
      64.186,
      66.438,
      67.318,
      66.414
    ],
    "test_loss": [
      1.5374909384846687,
      1.4634592064321041,
      1.2461601894497871,
      1.1632106556892394,
      1.2447362063229084,
      1.038866236642003,
      1.036831580609083,
      1.0333699210137128,
      0.977524911120534,
      0.9885992081612348
    ],
    "test_acc": [
      42.86,
      48.44,
      54.79,
      58.25,
      56.67,
      63.52,
      63.12,
      64.38,
      66.02,
      65.69
    ]
  }
}