{
  "config": {
    "run_name": "exp1_3_L2_K64-128-256",
    "out_dir": "./results",
    "seed": 1521968701,
    "device": null,
    "bs_train": 50,
    "bs_test": 12,
    "batches": 10,
    "epochs": 10,
    "early_stopping": 5,
    "checkpoints": null,
    "lr": 0.001,
    "reg": 0.001,
    "filters_per_layer": [
      64,
      128,
      256
    ],
    "pool_every": 4,
    "hidden_dims": [
      100
    ],
    "model_type": "cnn",
    "kw": {},
    "layers_per_block": 2
  },
  "results": {
    "num_epochs": 5,
    "train_loss": [
      2.303117104768753,
      2.3029209209918977,
      2.3029215878486635,
      2.302921586084366,
      2.3029215841293333,
      2.3029215871810913
    ],
    "train_acc": [
      9.772,
      9.542,
      9.574,
      9.574,
      9.574,
      9.574
    ],
    "test_loss": [
      2.3027333118915556,
      2.302737586259842,
      2.302737691640854,
      2.3027378051280976,
      2.3027377445697783,
      2.302737570762634
    ],
    "test_acc": [
      10.0,
      10.0,
      10.0,
      10.0,
      10.0,
      10.0
    ]
  }
}