{
  "config": {
    "run_name": "exp1_1_L2_K64",
    "out_dir": "./results",
    "seed": 1650630764,
    "device": null,
    "bs_train": 50,
    "bs_test": 12,
    "batches": 10,
    "epochs": 10,
    "early_stopping": 5,
    "checkpoints": null,
    "lr": 0.001,
    "reg": 0.001,
    "filters_per_layer": [
      64
    ],
    "pool_every": 4,
    "hidden_dims": [
      100
    ],
    "model_type": "cnn",
    "kw": {},
    "layers_per_block": 2
  },
  "results": {
    "num_epochs": 9,
    "train_loss": [
      1.5072291230857373,
      1.1907185533225537,
      1.096232030415535,
      1.0423770477831364,
      1.01015754455626,
      0.9801531456917524,
      0.9525113498002291,
      0.9380961013644934,
      0.9199131535708904,
      0.9064087574258447
    ],
    "train_acc": [
      47.366,
      57.696,
      61.25,
      62.966,
      64.488,
      65.536,
      66.582,
      67.052,
      67.844,
      68.242
    ],
    "test_loss": [
      1.3713223791718483,
      1.155485825061798,
      1.4790528614223004,
      1.0960924623012542,
      1.099541419684887,
      1.0639443693310022,
      1.066369372561574,
      1.0576058019995689,
      1.0532698241621257,
      1.0633312412202358
    ],
    "test_acc": [
      50.27,
      58.85,
      50.7,
      60.99,
      60.94,
      62.12,
      62.47,
      62.83,
      63.18,
      62.77
    ]
  }
}