{
  "config": {
    "run_name": "exp1_2_L2_K128",
    "out_dir": "./results",
    "seed": 1445597131,
    "device": null,
    "bs_train": 50,
    "bs_test": 12,
    "batches": 10,
    "epochs": 10,
    "early_stopping": 3,
    "checkpoints": null,
    "lr": 0.001,
    "reg": 0.001,
    "filters_per_layer": [
      128
    ],
    "pool_every": 4,
    "hidden_dims": [
      100
    ],
    "model_type": "cnn",
    "kw": {},
    "layers_per_block": 2
  },
  "results": {
    "num_epochs": 7,
    "train_loss": [
      1.6625934549152852,
      1.2478970040380954,
      1.1466408225417137,
      1.0817578979641198,
      1.0505126092106103,
      1.017912912300229,
      0.9933371436297893,
      0.9688565732061863
    ],
    "train_acc": [
      45.802,
      55.48,
      59.568,
      61.778,
      63.232,
      64.408,
      65.392,
      66.138
    ],
    "test_loss": [
      1.3709611038267613,
      1.1722893695235252,
      1.1628600433468819,
      1.0980344600081444,
      1.0909867417514325,
      1.1244266290962697,
      1.1179081078767776,
      1.1476663341224194
    ],
    "test_acc": [
      49.27,
      57.74,
      57.52,
      60.6,
      61.08,
      60.14,
      60.4,
      59.6
    ]
  }
}