{
  "config": {
    "run_name": "exp1_2_L2_K64",
    "out_dir": "./results",
    "seed": 2064500596,
    "device": null,
    "bs_train": 50,
    "bs_test": 12,
    "batches": 10,
    "epochs": 10,
    "early_stopping": 3,
    "checkpoints": null,
    "lr": 0.001,
    "reg": 0.001,
    "filters_per_layer": [
      64
    ],
    "pool_every": 4,
    "hidden_dims": [
      100
    ],
    "model_type": "cnn",
    "kw": {},
    "layers_per_block": 2
  },
  "results": {
    "num_epochs": 9,
    "train_loss": [
      1.452816943502426,
      1.1718639616131783,
      1.0812686096042394,
      1.0297347247302533,
      0.9921481571853161,
      0.9645868873119354,
      0.9407657723844052,
      0.9293442710489035,
      0.90607999355793,
      0.8919881651163101
    ],
    "train_acc": [
      48.676,
      58.364,
      61.868,
      63.552,
      65.198,
      66.164,
      66.91,
      67.746,
      68.354,
      68.734
    ],
    "test_loss": [
      1.3838249492645263,
      1.1442420556545259,
      1.13828374761343,
      1.0911533378064633,
      1.1353352691531182,
      1.098044588521123,
      1.0650852515548468,
      1.0546621671319008,
      1.0809738992154598,
      1.0814194224774838
    ],
    "test_acc": [
      49.62,
      59.04,
      59.88,
      61.85,
      60.53,
      61.68,
      62.49,
      62.65,
      62.4,
      62.98
    ]
  }
}