{
  "config": {
    "run_name": "exp1_2_L4_K128",
    "out_dir": "./results",
    "seed": 1417581254,
    "device": null,
    "bs_train": 50,
    "bs_test": 12,
    "batches": 10,
    "epochs": 10,
    "early_stopping": 3,
    "checkpoints": null,
    "lr": 0.001,
    "reg": 0.001,
    "filters_per_layer": [
      128
    ],
    "pool_every": 4,
    "hidden_dims": [
      100
    ],
    "model_type": "cnn",
    "kw": {},
    "layers_per_block": 4
  },
  "results": {
    "num_epochs": 9,
    "train_loss": [
      1.9678768902897834,
      1.2249214311361314,
      1.0824848321795464,
      1.0917967160835862,
      0.9924149450093508,
      0.9563258867248893,
      0.8723516108632088,
      0.8420382537081837,
      0.8177428520798683,
      0.8036363802656531
    ],
    "train_acc": [
      40.124,
      56.252,
      61.426,
      64.484,
      66.414,
      67.938,
      69.342,
      70.62,
      71.434,
      72.098
    ],
    "test_loss": [
      1.3112641056776047,
      1.1090859833657742,
      1.124795306056738,
      1.0162150462865829,
      1.1274766147732735,
      1.0326810149997472,
      0.9423943946957588,
      1.0330521777123214,
      0.9565241006687284,
      0.9710804482698441
    ],
    "test_acc": [
      52.92,
      60.41,
      59.55,
      63.58,
      60.42,
      63.97,
      66.88,
      64.62,
      66.77,
      66.41
    ]
  }
}