{
  "config": {
    "run_name": "exp1_4_L2_K64-128-256",
    "out_dir": "./results",
    "seed": 2130484722,
    "device": null,
    "bs_train": 50,
    "bs_test": 12,
    "batches": 10,
    "epochs": 10,
    "early_stopping": 5,
    "checkpoints": null,
    "lr": 0.001,
    "reg": 0.001,
    "filters_per_layer": [
      64,
      128,
      256
    ],
    "pool_every": 6,
    "hidden_dims": [
      100
    ],
    "model_type": "resnet",
    "kw": {},
    "layers_per_block": 2
  },
  "results": {
    "num_epochs": 9,
    "train_loss": [
      1.6710773423194885,
      1.4885933695077895,
      1.4365436571598054,
      1.406122717154026,
      1.386464639210701,
      1.3736644744336606,
      1.3635387352883817,
      1.3545312955200672,
      1.3474136993050576,
      1.3416560447514057
    ],
    "train_acc": [
      39.75,
      46.726,
      48.904,
      50.168,
      50.754,
      51.202,
      51.598,
      51.71,
      51.936,
      52.198
    ],
    "test_loss": [
      1.5028594390153884,
      1.4373146030306816,
      1.4107239986658096,
      1.391163348674774,
      1.384459135055542,
      1.3727971063256263,
      1.3632241640686988,
      1.360795345723629,
      1.3474545286297799,
      1.3553563566207887
    ],
    "test_acc": [
      45.52,
      48.34,
      49.15,
      49.91,
      50.25,
      50.64,
      50.89,
      50.88,
      51.29,
      51.35
    ]
  }
}