{
  "config": {
    "run_name": "exp1_3_L4_K64-128-256",
    "out_dir": "./results",
    "seed": 587887708,
    "device": null,
    "bs_train": 50,
    "bs_test": 12,
    "batches": 10,
    "epochs": 10,
    "early_stopping": 5,
    "checkpoints": null,
    "lr": 0.001,
    "reg": 0.001,
    "filters_per_layer": [
      64,
      128,
      256
    ],
    "pool_every": 4,
    "hidden_dims": [
      100
    ],
    "model_type": "cnn",
    "kw": {},
    "layers_per_block": 4
  },
  "results": {
    "num_epochs": 5,
    "train_loss": [
      2.303201595687866,
      2.302935942363739,
      2.302921486568451,
      2.30292157292366,
      2.302921569728851,
      2.3029215710163116
    ],
    "train_acc": [
      9.688,
      9.59,
      9.562,
      9.574,
      9.574,
      9.574
    ],
    "test_loss": [
      2.3027927041053773,
      2.3027368030548097,
      2.3027376568317415,
      2.302737588405609,
      2.302737522125244,
      2.3027377049922944
    ],
    "test_acc": [
      10.0,
      10.0,
      10.0,
      10.0,
      10.0,
      10.0
    ]
  }
}