{
  "config": {
    "run_name": "exp1_1_L4_K64",
    "out_dir": "./results",
    "seed": 590726721,
    "device": null,
    "bs_train": 50,
    "bs_test": 12,
    "batches": 10,
    "epochs": 10,
    "early_stopping": 5,
    "checkpoints": null,
    "lr": 0.001,
    "reg": 0.001,
    "filters_per_layer": [
      64
    ],
    "pool_every": 4,
    "hidden_dims": [
      100
    ],
    "model_type": "cnn",
    "kw": {},
    "layers_per_block": 4
  },
  "results": {
    "num_epochs": 9,
    "train_loss": [
      1.6237222550868988,
      1.2023588175952435,
      1.0695076587826013,
      0.9868359303772449,
      0.9295841248065233,
      0.8849465263620019,
      0.8461992474406957,
      0.81719938416332,
      0.7879207572303712,
      0.7654198221564293
    ],
    "train_acc": [
      41.748,
      56.938,
      61.72,
      65.074,
      67.098,
      68.836,
      70.038,
      71.174,
      72.264,
      73.086
    ],
    "test_loss": [
      1.302409869670868,
      1.1489351427555083,
      1.0165560703128576,
      1.0351884966790676,
      1.0554483740925789,
      1.083396523952484,
      0.9683591352701187,
      1.1821458656936883,
      1.066907176360488,
      0.9071504079699516
    ],
    "test_acc": [
      52.28,
      59.23,
      63.28,
      62.78,
      62.86,
      62.44,
      66.43,
      60.84,
      64.72,
      69.04
    ]
  }
}