{
  "config": {
    "run_name": "exp1_2_L8_K128",
    "out_dir": "./results",
    "seed": 86522576,
    "device": null,
    "bs_train": 50,
    "bs_test": 12,
    "batches": 10,
    "epochs": 10,
    "early_stopping": 3,
    "checkpoints": null,
    "lr": 0.001,
    "reg": 0.001,
    "filters_per_layer": [
      128
    ],
    "pool_every": 4,
    "hidden_dims": [
      100
    ],
    "model_type": "cnn",
    "kw": {},
    "layers_per_block": 8
  },
  "results": {
    "num_epochs": 9,
    "train_loss": [
      7.509967147731781,
      1.8323401102602481,
      1.3111135885119438,
      2.5360346820384265,
      4.086556431266666,
      11.841392552921176,
      1.4209451506644488,
      4.316500461408496,
      0.922206590859592,
      4.10754456064254
    ],
    "train_acc": [
      28.414,
      43.824,
      53.38,
      58.48,
      60.596,
      60.072,
      65.558,
      66.294,
      68.786,
      69.124
    ],
    "test_loss": [
      1.5984497116208076,
      1.452662077486515,
      1.233380220234394,
      1.1388518150150775,
      1.073630048379302,
      1.0087164953947068,
      1.0087284096181393,
      0.9370989967882634,
      0.9316750881969929,
      0.9214272339046001
    ],
    "test_acc": [
      41.36,
      46.76,
      55.5,
      59.79,
      62.11,
      65.08,
      65.16,
      67.8,
      67.54,
      68.23
    ]
  }
}