{
  "config": {
    "run_name": "exp1_3_L3_K64-128-256",
    "out_dir": "./results",
    "seed": 1755670267,
    "device": null,
    "bs_train": 50,
    "bs_test": 12,
    "batches": 10,
    "epochs": 10,
    "early_stopping": 5,
    "checkpoints": null,
    "lr": 0.001,
    "reg": 0.001,
    "filters_per_layer": [
      64,
      128,
      256
    ],
    "pool_every": 4,
    "hidden_dims": [
      100
    ],
    "model_type": "cnn",
    "kw": {},
    "layers_per_block": 3
  },
  "results": {
    "num_epochs": 9,
    "train_loss": [
      63.993990876746174,
      1.780742863047123,
      1.8123065571308137,
      8.728180418741703,
      8.620767473894357,
      289.17001707501413,
      16.921355717736482,
      5.166496137699485,
      1.0886603846400975,
      1.86699774890244
    ],
    "train_acc": [
      25.002,
      39.324,
      48.166,
      51.534,
      53.102,
      55.07,
      54.854,
      56.208,
      61.47,
      61.416
    ],
    "test_loss": [
      2.3249320554733277,
      1.5572478350400925,
      1.3708820390701293,
      1.3035982168316842,
      1.372522602289915,
      1.879812146306038,
      1.372677152633667,
      1.1683543175458908,
      1.0734256888628007,
      1.0772068934440613
    ],
    "test_acc": [
      10.31,
      42.57,
      50.94,
      54.11,
      51.5,
      32.82,
      51.53,
      59.01,
      61.91,
      62.01
    ]
  }
}