{
  "config": {
    "run_name": "exp1_1_L8_K32",
    "out_dir": "./results",
    "seed": 1748388218,
    "device": null,
    "bs_train": 50,
    "bs_test": 12,
    "batches": 10,
    "epochs": 10,
    "early_stopping": 5,
    "checkpoints": null,
    "lr": 0.001,
    "reg": 0.001,
    "filters_per_layer": [
      32
    ],
    "pool_every": 4,
    "hidden_dims": [
      100
    ],
    "model_type": "cnn",
    "kw": {},
    "layers_per_block": 8
  },
  "results": {
    "num_epochs": 5,
    "train_loss": [
      2.304566156578064,
      2.313558399438858,
      2.3032631200790403,
      2.305849554395676,
      2.3047534142494204,
      2.3060221967220307
    ],
    "train_acc": [
      9.908,
      9.622,
      9.556,
      9.604,
      9.6,
      9.69
    ],
    "test_loss": [
      2.3028908598423006,
      2.30279914355278,
      2.3028166012763975,
      2.303562233686447,
      2.3028115177154542,
      2.3027485709190367
    ],
    "test_acc": [
      10.0,
      10.0,
      10.0,
      10.0,
      10.0,
      10.0
    ]
  }
}