{
  "config": {
    "run_name": "exp1_4_L32_K32",
    "out_dir": "./results",
    "seed": 328671925,
    "device": null,
    "bs_train": 50,
    "bs_test": 12,
    "batches": 10,
    "epochs": 10,
    "early_stopping": 5,
    "checkpoints": null,
    "lr": 0.001,
    "reg": 0.001,
    "filters_per_layer": [
      32
    ],
    "pool_every": 8,
    "hidden_dims": [
      100
    ],
    "model_type": "resnet",
    "kw": {},
    "layers_per_block": 32
  },
  "results": {
    "num_epochs": 9,
    "train_loss": [
      1.8634557110071182,
      1.6503670559883117,
      1.581482530605793,
      1.5446668786525726,
      1.5199103108763694,
      1.501716812157631,
      1.4880048736572267,
      1.4760457054138183,
      1.4656438536286354,
      1.4573486110806466
    ],
    "train_acc": [
      31.052,
      39.166,
      41.998,
      43.56,
      44.7,
      45.644,
      46.214,
      46.726,
      47.04,
      47.318
    ],
    "test_loss": [
      1.6798400309681893,
      1.6232323690652848,
      1.5865741667151452,
      1.5725604612231254,
      1.564372062623501,
      1.5494487763047218,
      1.539147149682045,
      1.5285591333508493,
      1.5182464112043381,
      1.5015102532505988
    ],
    "test_acc": [
      38.09,
      40.03,
      42.06,
      42.59,
      43.55,
      44.02,
      44.14,
      44.75,
      45.11,
      45.8
    ]
  }
}