{
  "config": {
    "run_name": "exp1_4_L32_K32",
    "out_dir": "./results",
    "seed": 189224953,
    "device": null,
    "bs_train": 50,
    "bs_test": 12,
    "batches": 10,
    "epochs": 10,
    "early_stopping": 5,
    "checkpoints": null,
    "lr": 0.001,
    "reg": 0.001,
    "filters_per_layer": [
      32
    ],
    "pool_every": 8,
    "hidden_dims": [
      100
    ],
    "model_type": "resnet",
    "kw": {},
    "layers_per_block": 32
  },
  "results": {
    "num_epochs": 9,
    "train_loss": [
      2.009624177360535,
      1.6545360122799873,
      1.5239557159781456,
      1.4578568952083588,
      1.3971558932423591,
      1.3409996437072753,
      1.290541337275505,
      1.2464061020314694,
      1.2130455795884132,
      1.1909910543501376
    ],
    "train_acc": [
      27.934,
      38.368,
      43.536,
      46.406,
      48.67,
      51.04,
      53.01,
      54.684,
      56.112,
      57.402
    ],
    "test_loss": [
      1.757518191576004,
      1.6058336306214334,
      1.5883548545241355,
      1.4694677667021752,
      1.4065723865628244,
      1.360428799331188,
      1.347604089051485,
      1.3226285223960876,
      1.3136535541415215,
      1.2012581063508987
    ],
    "test_acc": [
      34.4,
      39.51,
      40.76,
      45.08,
      47.92,
      49.82,
      50.99,
      51.94,
      52.48,
      56.01
    ]
  }
}