{
  "config": {
    "run_name": "exp1_3_L3_K64-128-256",
    "out_dir": "./results",
    "seed": 1387172540,
    "device": null,
    "bs_train": 50,
    "bs_test": 12,
    "batches": 10,
    "epochs": 10,
    "early_stopping": 5,
    "checkpoints": null,
    "lr": 0.001,
    "reg": 0.001,
    "filters_per_layer": [
      64,
      128,
      256
    ],
    "pool_every": 4,
    "hidden_dims": [
      100
    ],
    "model_type": "cnn",
    "kw": {},
    "layers_per_block": 3
  },
  "results": {
    "num_epochs": 5,
    "train_loss": [
      2.3031087199687956,
      2.302919458246231,
      2.3029215366363527,
      2.3029215527057647,
      2.302921551322937,
      2.302921552324295
    ],
    "train_acc": [
      9.822,
      9.508,
      9.574,
      9.574,
      9.574,
      9.574
    ],
    "test_loss": [
      2.302739355325699,
      2.3027378268241883,
      2.3027378251552584,
      2.302737869262695,
      2.3027378873825075,
      2.3027378873825075
    ],
    "test_acc": [
      10.0,
      10.0,
      10.0,
      10.0,
      10.0,
      10.0
    ]
  }
}