{
  "config": {
    "run_name": "exp1_4_L4_K64-128-256",
    "out_dir": "./results",
    "seed": 1203928900,
    "device": null,
    "bs_train": 50,
    "bs_test": 12,
    "batches": 10,
    "epochs": 10,
    "early_stopping": 5,
    "checkpoints": null,
    "lr": 0.001,
    "reg": 0.001,
    "filters_per_layer": [
      64,
      128,
      256
    ],
    "pool_every": 6,
    "hidden_dims": [
      100
    ],
    "model_type": "resnet",
    "kw": {},
    "layers_per_block": 4
  },
  "results": {
    "num_epochs": 9,
    "train_loss": [
      1.6111817037701606,
      1.4057248826086521,
      1.341674916768074,
      1.3047145167171954,
      1.2795230709195138,
      1.2616032747268677,
      1.24769499887228,
      1.2362978784680367,
      1.2273832447946071,
      1.2193296409308911
    ],
    "train_acc": [
      41.776,
      49.534,
      52.11,
      53.468,
      54.668,
      55.158,
      55.824,
      56.192,
      56.47,
      56.892
    ],
    "test_loss": [
      1.4256025193929671,
      1.3373569590449332,
      1.3113939175009728,
      1.2886138208806515,
      1.2793607379496097,
      1.268916918873787,
      1.2781167251467704,
      1.267123670488596,
      1.263235025167465,
      1.2668879668414592
    ],
    "test_acc": [
      49.58,
      52.19,
      53.09,
      53.93,
      54.34,
      54.83,
      54.82,
      54.99,
      55.15,
      55.2
    ]
  }
}