{
  "config": {
    "run_name": "exp1_4_L2_K64-128-256",
    "out_dir": "./results",
    "seed": 1664011153,
    "device": null,
    "bs_train": 50,
    "bs_test": 12,
    "batches": 10,
    "epochs": 10,
    "early_stopping": 5,
    "checkpoints": null,
    "lr": 0.001,
    "reg": 0.001,
    "filters_per_layer": [
      64,
      128,
      256
    ],
    "pool_every": 8,
    "hidden_dims": [
      100
    ],
    "model_type": "resnet",
    "kw": {},
    "layers_per_block": 2
  },
  "results": {
    "num_epochs": 9,
    "train_loss": [
      3.027809520411491,
      1.4638632381916046,
      1.4845370206236839,
      1.444792107963562,
      1.3907006061971188,
      1.318760470443964,
      1.1609777826726437,
      1.129413966912031,
      1.0964552098184823,
      1.4165511908203363
    ],
    "train_acc": [
      38.512,
      48.394,
      51.906,
      54.77,
      56.888,
      58.242,
      59.3,
      60.306,
      61.208,
      61.508
    ],
    "test_loss": [
      1.557501787006855,
      1.3777685248255729,
      1.328953714877367,
      1.2893789772093296,
      1.2372889995872975,
      1.1687551958858966,
      1.1460461619794369,
      1.1316802263408898,
      1.1030437518805265,
      1.5838633813858032
    ],
    "test_acc": [
      43.19,
      49.92,
      51.5,
      53.32,
      55.26,
      58.2,
      58.63,
      59.97,
      61.12,
      48.83
    ]
  }
}