{
  "config": {
    "run_name": "exp1_1_L2_K32",
    "out_dir": "./results",
    "seed": 1087490029,
    "device": null,
    "bs_train": 50,
    "bs_test": 12,
    "batches": 10,
    "epochs": 10,
    "early_stopping": 5,
    "checkpoints": null,
    "lr": 0.001,
    "reg": 0.001,
    "filters_per_layer": [
      32
    ],
    "pool_every": 4,
    "hidden_dims": [
      100
    ],
    "model_type": "cnn",
    "kw": {},
    "layers_per_block": 2
  },
  "results": {
    "num_epochs": 9,
    "train_loss": [
      1.4556080476284028,
      1.1924188423931599,
      1.0985044602543115,
      1.0424077752381564,
      1.0005388901084662,
      0.9672752782136201,
      0.9393626110732556,
      0.9169476608127356,
      0.8975016237199307,
      0.8836227133482695
    ],
    "train_acc": [
      47.816,
      57.7,
      61.084,
      63.208,
      64.79,
      66.066,
      66.966,
      67.926,
      68.564,
      69.198
    ],
    "test_loss": [
      1.2419037132263184,
      1.1635622572302817,
      1.1078916572928428,
      1.0913574811816216,
      1.0589549876451492,
      1.0495291433930396,
      1.0745998449325562,
      1.036023721113801,
      1.0929615945965052,
      1.1058062371313573
    ],
    "test_acc": [
      56.28,
      58.43,
      60.46,
      61.42,
      62.79,
      63.41,
      62.56,
      63.78,
      62.33,
      62.08
    ]
  }
}