{
  "config": {
    "run_name": "exp1_1_L16_K64",
    "out_dir": "./results",
    "seed": 872002670,
    "device": null,
    "bs_train": 50,
    "bs_test": 12,
    "batches": 10,
    "epochs": 10,
    "early_stopping": 5,
    "checkpoints": null,
    "lr": 0.001,
    "reg": 0.001,
    "filters_per_layer": [
      64
    ],
    "pool_every": 4,
    "hidden_dims": [
      100
    ],
    "model_type": "cnn",
    "kw": {},
    "layers_per_block": 16
  },
  "results": {
    "num_epochs": 5,
    "train_loss": [
      2.3051227519512176,
      2.303085517168045,
      2.303109338521957,
      2.303133924627304,
      2.3032670693874358,
      2.3031985939502717
    ],
    "train_acc": [
      9.774,
      9.492,
      9.738,
      9.64,
      9.516,
      9.588
    ],
    "test_loss": [
      2.3028050756454466,
      2.302821576118469,
      2.3028776814937593,
      2.303021434545517,
      2.302901155471802,
      2.302798834323883
    ],
    "test_acc": [
      10.0,
      10.0,
      10.0,
      10.0,
      10.0,
      10.0
    ]
  }
}