{
  "config": {
    "run_name": "exp2_L6_K32-64-128",
    "out_dir": "./results",
    "seed": 1886467409,
    "device": null,
    "bs_train": 50,
    "bs_test": 12,
    "batches": 10,
    "epochs": 10,
    "early_stopping": 5,
    "checkpoints": null,
    "lr": 0.001,
    "reg": 0.001,
    "filters_per_layer": [
      32,
      64,
      128
    ],
    "pool_every": 12,
    "hidden_dims": [
      100
    ],
    "model_type": "ycn",
    "kw": {},
    "layers_per_block": 6
  },
  "results": {
    "num_epochs": 9,
    "train_loss": [
      1.699332186126709,
      1.1768624853014946,
      0.9855188245654106,
      0.8799941165655851,
      0.812837374381721,
      0.7643397889465093,
      0.7278505029372871,
      0.701766344769299,
      0.6798878037065268,
      0.6625651988342405
    ],
    "train_acc": [
      41.53,
      58.232,
      65.314,
      69.058,
      71.812,
      73.358,
      74.63,
      75.604,
      76.248,
      77.042
    ],
    "test_loss": [
      1.2567649659216404,
      1.051924462467432,
      0.8849698687642813,
      0.844541889846325,
      0.8889519065394997,
      0.8442043998017907,
      0.9770883265808225,
      0.8478646258711815,
      0.909735557474196,
      0.8935339211039245
    ],
    "test_acc": [
      53.67,
      63.28,
      69.3,
      71.05,
      69.76,
      71.49,
      67.46,
      71.82,
      69.85,
      70.94
    ]
  }
}