{
  "config": {
    "run_name": "exp2_L4_K64-128-256-my_net",
    "out_dir": "./results",
    "seed": 902824967,
    "device": null,
    "bs_train": 50,
    "bs_test": 12,
    "batches": 10,
    "epochs": 100,
    "early_stopping": 5,
    "checkpoints": null,
    "lr": 0.003,
    "reg": 0.001,
    "filters_per_layer": [
      64,
      128,
      256
    ],
    "pool_every": 4,
    "hidden_dims": [
      100
    ],
    "model_type": "resnet",
    "kw": {},
    "layers_per_block": 4
  },
  "results": {
    "num_epochs": 24,
    "train_loss": [
      2.048037072634697,
      1.90278466026783,
      1.853709325528145,
      1.828511561870575,
      1.8170772156596184,
      1.801868337392807,
      1.7947342436432838,
      1.7898206327676773,
      1.7803155238866806,
      1.7704456941127777,
      1.7686216688752174,
      1.7594709839820861,
      1.7524742791652679,
      1.7502501656651497,
      1.7445949745059013,
      1.738253419995308,
      1.734513614296913,
      1.7350557278990746,
      1.7262143392920495,
      1.725652766942978,
      1.7240103474020958,
      1.7199685561299325,
      1.7187980597376824,
      1.7164329199194908,
      1.7119074795246125
    ],
    "train_acc": [
      24.268,
      29.802,
      31.444,
      32.354,
      32.98,
      33.464,
      33.592,
      34.072,
      34.294,
      34.43,
      34.68,
      34.99,
      35.524,
      35.256,
      35.56,
      35.808,
      36.412,
      35.75,
      36.37,
      36.418,
      36.378,
      36.592,
      36.432,
      36.768,
      36.786
    ],
    "test_loss": [
      1.8522904810905456,
      1.7593553657531737,
      1.7186708344221115,
      1.7207618792057038,
      1.704328724861145,
      1.6768957359194756,
      1.6552488411664963,
      1.6470966292619704,
      1.673997272014618,
      1.6311843615174293,
      1.634399480998516,
      1.616709816634655,
      1.618192010819912,
      1.610484123170376,
      1.6150919911861419,
      1.5917224405407906,
      1.602101076722145,
      1.5999626482725144,
      1.5950383266806603,
      1.570423449933529,
      1.6121814084053039,
      1.5776930394172668,
      1.5864502664804458,
      1.57398655718565,
      1.5821639211177827
    ],
    "test_acc": [
      32.1,
      34.36,
      34.92,
      36.08,
      37.17,
      37.26,
      37.84,
      37.84,
      37.86,
      39.01,
      38.99,
      39.24,
      38.88,
      39.88,
      39.83,
      40.82,
      39.91,
      39.87,
      39.96,
      41.73,
      39.31,
      40.67,
      40.43,
      40.69,
      40.59
    ]
  }
}