{
  "config": {
    "run_name": "exp2_L3_K32-64-128-more-pools",
    "out_dir": "./results",
    "seed": 2109114192,
    "device": null,
    "bs_train": 50,
    "bs_test": 12,
    "batches": 10,
    "epochs": 10,
    "early_stopping": 5,
    "checkpoints": null,
    "lr": 0.001,
    "reg": 0.001,
    "filters_per_layer": [
      32,
      64,
      128
    ],
    "pool_every": 4,
    "hidden_dims": [
      100
    ],
    "model_type": "ycn",
    "kw": {},
    "layers_per_block": 3
  },
  "results": {
    "num_epochs": 9,
    "train_loss": [
      1.3835985663056374,
      0.9794117333561182,
      0.8354017759859562,
      0.757065290543437,
      0.7035221920512617,
      0.6672767114747316,
      0.6398228978037834,
      0.6182539106167853,
      0.5997732284937054,
      0.5814394147619605
    ],
    "train_acc": [
      50.726,
      65.412,
      70.77,
      73.346,
      75.358,
      76.884,
      77.568,
      78.366,
      79.064,
      79.596
    ],
    "test_loss": [
      1.102045356631279,
      0.9235211743861437,
      0.9413332383260131,
      0.8537442385777831,
      0.8547578986808657,
      0.7728853542245925,
      0.7877970543764532,
      0.8614370592832565,
      0.7390968216396868,
      0.8732664591521024
    ],
    "test_acc": [
      60.77,
      68.52,
      68.75,
      70.76,
      70.83,
      73.29,
      73.55,
      72.02,
      75.58,
      71.7
    ]
  }
}