{
  "config": {
    "run_name": "exp2_L12_K32-64-128",
    "out_dir": "./results",
    "seed": 1131786091,
    "device": null,
    "bs_train": 50,
    "bs_test": 12,
    "batches": 10,
    "epochs": 10,
    "early_stopping": 5,
    "checkpoints": null,
    "lr": 0.001,
    "reg": 0.001,
    "filters_per_layer": [
      32,
      64,
      128
    ],
    "pool_every": 12,
    "hidden_dims": [
      100
    ],
    "model_type": "ycn",
    "kw": {},
    "layers_per_block": 12
  },
  "results": {
    "num_epochs": 9,
    "train_loss": [
      1.6551478821575643,
      1.1598664840221404,
      0.9803969280421734,
      0.8888062188103795,
      0.831503333812952,
      0.7919405287697912,
      0.7559252537488937,
      0.7301380758199841,
      0.707578349852562,
      0.6861951336674392
    ],
    "train_acc": [
      41.42,
      58.676,
      65.364,
      68.62,
      70.568,
      72.362,
      73.364,
      74.47,
      75.112,
      76.034
    ],
    "test_loss": [
      1.291392331033945,
      1.080527018800378,
      1.0057914890646935,
      0.8882082087099552,
      0.8874830852001906,
      1.042327952966094,
      1.0039729349017144,
      0.9002837987020612,
      0.9809748359620571,
      0.887065240688622
    ],
    "test_acc": [
      52.89,
      61.85,
      65.08,
      69.2,
      69.28,
      65.77,
      66.6,
      69.48,
      67.93,
      70.3
    ]
  }
}