{
  "config": {
    "run_name": "exp2_L9_K32-64-128",
    "out_dir": "./results",
    "seed": 571641081,
    "device": null,
    "bs_train": 50,
    "bs_test": 12,
    "batches": 10,
    "epochs": 10,
    "early_stopping": 5,
    "checkpoints": null,
    "lr": 0.001,
    "reg": 0.001,
    "filters_per_layer": [
      32,
      64,
      128
    ],
    "pool_every": 12,
    "hidden_dims": [
      100
    ],
    "model_type": "ycn",
    "kw": {},
    "layers_per_block": 9
  },
  "results": {
    "num_epochs": 9,
    "train_loss": [
      1.5768644077777862,
      1.1157195965260267,
      0.9226523162722587,
      0.8239289738789201,
      0.7670601546227932,
      0.7227531810969114,
      0.6920824952445924,
      0.6678148712590337,
      0.6470481338866055,
      0.6294878861345351
    ],
    "train_acc": [
      44.228,
      60.456,
      67.494,
      71.178,
      73.016,
      74.44,
      75.768,
      76.564,
      77.428,
      77.928
    ],
    "test_loss": [
      1.2107447883188724,
      1.167000540986657,
      0.8462936693653464,
      0.8312305707260966,
      0.8873567401319742,
      0.7653198024518788,
      0.8457059732340276,
      0.8684755627773703,
      0.8477849666401744,
      0.9044906416870654
    ],
    "test_acc": [
      56.51,
      58.72,
      70.15,
      71.35,
      70.25,
      73.62,
      71.8,
      70.68,
      71.85,
      69.76
    ]
  }
}