{
  "config": {
    "run_name": "exp2_L3_K32-64-128",
    "out_dir": "./results",
    "seed": 1831590426,
    "device": null,
    "bs_train": 50,
    "bs_test": 12,
    "batches": 10,
    "epochs": 10,
    "early_stopping": 5,
    "checkpoints": null,
    "lr": 0.001,
    "reg": 0.001,
    "filters_per_layer": [
      32,
      64,
      128
    ],
    "pool_every": 12,
    "hidden_dims": [
      100
    ],
    "model_type": "ycn",
    "kw": {},
    "layers_per_block": 3
  },
  "results": {
    "num_epochs": 9,
    "train_loss": [
      1.91869566167593,
      1.3771445721149445,
      1.2077391476094723,
      1.1136315713107585,
      1.0414453785330058,
      0.9977624232947826,
      0.9571244010388851,
      0.9234462966382504,
      0.905715307199955,
      0.8898017576217652
    ],
    "train_acc": [
      39.406,
      51.58,
      57.854,
      61.29,
      63.812,
      65.352,
      66.724,
      67.872,
      68.704,
      69.134
    ],
    "test_loss": [
      1.3423717876076697,
      1.1777847036719322,
      1.23247560185194,
      1.102355168133974,
      1.0410318530499936,
      1.1039345576167106,
      0.9802531025111675,
      0.8880991531908512,
      0.8744462036341428,
      0.8564091701209545
    ],
    "test_acc": [
      50.57,
      57.32,
      56.99,
      61.64,
      64.47,
      61.94,
      66.4,
      69.73,
      69.66,
      70.86
    ]
  }
}